"data",".variable","median","lower","upper"
"BBC Total (UK)","phi",0.270598141321672,0.256816020794491,0.284456978153325
"BBC Under 18 (UK)","phi",0.27662305633227,0.220388315449229,0.357231263596019
"BBC Education (UK)","phi",0.361756638003388,0.298831370459377,0.437884321636209
"BBC 18-30 (UK)","phi",0.368682425071608,0.333755832608985,0.407635305130626
"BBC Employed (UK)","phi",0.309602204637947,0.294025338109919,0.327138045736168
"BBC 30-60 (UK)","phi",0.310694391585655,0.293796707231709,0.329701787118435
"BBC NEET (UK)","phi",0.304528050324508,0.262201158414458,0.356503378027406
"BBC 60-100 (UK)","phi",0.386267690118292,0.322366151886239,0.464291680047027
