"data",".variable","median","lower","upper"
"BBC Total (UK)","phi",0.205812150101091,0.194951123173231,0.217640971405333
"Census (E)","phi",0.268025113319934,0.265928073970175,0.270134507625647
"BBC Total (E)","phi",0.216222781093458,0.204991713480661,0.229082957233962
"Census (S)","phi",0.36969488338241,0.341964319196643,0.399794120093129
"BBC Total (S)","phi",0.508422145911331,0.388303703710816,0.674816616290792
"Census (W)","phi",0.393208457764185,0.352428343058198,0.439093492957521
"BBC Total (W)","phi",0.943741717885356,0.639438932937635,1.43362401277201
"Census (NI)","phi",1.13479483923127,0.893222180481208,1.4196532144517
"BBC Total (NI)","phi",2.26090742518629,1.02104377388494,4.56400683372642
